TERM,something else,sadness,contentment,awe,amusement,excitement,fear,disgust,anger
ABANDONMENT,2.0,15.0,1.0,0.0,0.0,1.0,1.0,0.0,0.0
ABLUTION,0.0,0.0,0.0,0.0,0.0,0.0,0.0,0.0,0.0
ABNORMALITY,0.0,0.0,0.0,0.0,0.0,0.0,0.0,0.0,0.0
ABRACADABRA,0.0,0.0,0.0,0.0,0.0,0.0,0.0,0.0,0.0
ABRAXAS,0.0,0.0,0.0,0.0,0.0,0.0,0.0,0.0,0.0
ABYSS,2.0,7.0,5.0,5.0,1.0,5.0,29.0,1.0,0.0
ACACIA,0.0,0.0,0.0,0.0,0.0,0.0,0.0,0.0,0.0
ACANTHUS,0.0,0.0,0.0,0.0,0.0,0.0,0.0,0.0,0.0
ACROBAT,1.0,1.0,1.0,0.0,1.0,1.0,0.0,0.0,0.0
ACTIVITY,54.0,22.0,169.0,43.0,39.0,174.0,8.0,13.0,2.0
ADAM,23.0,32.0,35.0,42.0,28.0,13.0,22.0,11.0,8.0
ADVENTURE,21.0,3.0,66.0,65.0,20.0,286.0,2.0,0.0,0.0
AEROLITE,0.0,0.0,0.0,0.0,0.0,0.0,0.0,0.0,0.0
AGES,9.0,8.0,21.0,27.0,5.0,8.0,4.0,3.0,2.0
AGRICULTURE,0.0,0.0,5.0,1.0,1.0,0.0,0.0,0.0,0.0
AIR,118.0,103.0,316.0,185.0,105.0,138.0,63.0,54.0,13.0
ALCHEMY,0.0,0.0,0.0,2.0,2.0,0.0,1.0,0.0,0.0
ALCOHOL,2.0,15.0,9.0,2.0,17.0,9.0,6.0,9.0,1.0
ALLEGORIES,0.0,0.0,0.0,0.0,0.0,0.0,0.0,0.0,0.0
ALMOND TREE,0.0,0.0,0.0,0.0,0.0,0.0,0.0,0.0,0.0
ALPHA AND OMEGA,0.0,0.0,0.0,0.0,0.0,0.0,0.0,0.0,0.0
AMPHISBAENA,0.0,0.0,0.0,0.0,0.0,0.0,0.0,0.0,0.0
ANCHOR,4.0,3.0,13.0,1.0,4.0,3.0,2.0,0.0,0.0
ANGEL,133.0,223.0,308.0,711.0,174.0,119.0,246.0,46.0,12.0
ANIMALS,161.0,206.0,616.0,291.0,233.0,156.0,179.0,167.0,40.0
ANJANA,0.0,0.0,0.0,0.0,0.0,0.0,0.0,0.0,0.0
ANTIQUITY,1.0,0.0,2.0,7.0,0.0,0.0,0.0,0.0,0.0
ANTS,3.0,1.0,3.0,4.0,10.0,0.0,1.0,1.0,0.0
ANVIL,0.0,0.0,1.0,0.0,0.0,0.0,0.0,0.0,0.0
APOCALYPSE,0.0,2.0,1.0,2.0,0.0,2.0,22.0,1.0,0.0
APOCALYPTIC BEAST,0.0,0.0,0.0,0.0,0.0,0.0,0.0,0.0,0.0
APOLLO,1.0,0.0,1.0,0.0,0.0,0.0,0.0,0.0,0.0
APPLE,42.0,19.0,92.0,21.0,40.0,21.0,11.0,12.0,4.0
AQUARIUS,0.0,0.0,0.0,0.0,0.0,0.0,0.0,0.0,0.0
ARABESQUE,0.0,0.0,0.0,1.0,0.0,2.0,0.0,0.0,0.0
ARCHITECTURE,36.0,9.0,137.0,313.0,18.0,36.0,8.0,10.0,0.0
ARIES,0.0,0.0,0.0,0.0,0.0,0.0,0.0,0.0,0.0
ARK,4.0,3.0,4.0,13.0,2.0,3.0,5.0,0.0,0.0
ARM,69.0,61.0,93.0,65.0,92.0,36.0,69.0,52.0,8.0
ARROW,17.0,23.0,14.0,15.0,14.0,13.0,23.0,7.0,2.0
ARTHUR KING,0.0,0.0,0.0,0.0,0.0,0.0,0.0,0.0,0.0
ASCENSION,1.0,0.0,1.0,9.0,0.0,2.0,0.0,0.0,0.0
ASH,1.0,7.0,2.0,1.0,2.0,0.0,5.0,3.0,1.0
ASHLAR,0.0,0.0,0.0,0.0,0.0,0.0,0.0,0.0,0.0
ASS,7.0,3.0,3.0,3.0,11.0,5.0,2.0,4.0,2.0
ATTRIBUTES,3.0,2.0,0.0,2.0,1.0,0.0,1.0,0.0,0.0
AUREOLE,0.0,0.0,0.0,0.0,0.0,0.0,0.0,0.0,0.0
AXE,2.0,1.0,5.0,3.0,4.0,5.0,11.0,1.0,1.0
AXIALS,0.0,0.0,0.0,0.0,0.0,0.0,0.0,0.0,0.0
BABYLON,0.0,0.0,0.0,1.0,0.0,0.0,0.0,0.0,0.0
BALDER,0.0,0.0,0.0,0.0,0.0,0.0,0.0,0.0,0.0
BANDAGES,0.0,5.0,0.0,0.0,1.0,0.0,1.0,1.0,0.0
BARRIERS,1.0,0.0,0.0,1.0,0.0,1.0,1.0,0.0,0.0
BASILISK,0.0,0.0,0.0,0.0,0.0,0.0,0.0,0.0,0.0
BASKET,37.0,29.0,182.0,34.0,43.0,20.0,13.0,8.0,2.0
BAT,2.0,0.0,4.0,5.0,7.0,2.0,16.0,3.0,1.0
BATH,16.0,4.0,60.0,15.0,23.0,22.0,2.0,10.0,1.0
BEAR,16.0,34.0,33.0,32.0,52.0,11.0,34.0,8.0,1.0
BEE,3.0,1.0,8.0,4.0,2.0,4.0,2.0,1.0,0.0
BELL,11.0,8.0,12.0,8.0,5.0,4.0,3.0,0.0,0.0
BELLY,9.0,2.0,14.0,2.0,38.0,6.0,2.0,24.0,2.0
BELT,3.0,4.0,20.0,6.0,8.0,5.0,4.0,1.0,0.0
BINARY,0.0,0.0,0.0,0.0,0.0,0.0,0.0,0.0,0.0
BIRD,145.0,134.0,297.0,252.0,299.0,114.0,154.0,98.0,16.0
BIRDS,86.0,114.0,377.0,218.0,152.0,87.0,99.0,50.0,11.0
BITE,3.0,6.0,7.0,2.0,13.0,5.0,19.0,8.0,1.0
BLACK STONE,0.0,0.0,0.0,0.0,0.0,0.0,0.0,0.0,0.0
BLACKSMITH,1.0,0.0,3.0,1.0,0.0,0.0,2.0,0.0,0.0
BLOOD,77.0,226.0,47.0,78.0,21.0,33.0,600.0,363.0,64.0
BLOW TO,0.0,0.0,0.0,0.0,0.0,0.0,0.0,0.0,0.0
BOAR,1.0,1.0,0.0,0.0,0.0,3.0,3.0,1.0,0.0
BOAT,199.0,246.0,894.0,446.0,119.0,294.0,416.0,25.0,6.0
BODY,390.0,546.0,616.0,593.0,514.0,320.0,407.0,583.0,28.0
BOLT,2.0,0.0,0.0,4.0,0.0,5.0,5.0,1.0,2.0
BONE,11.0,6.0,6.0,11.0,5.0,5.0,10.0,5.0,0.0
BOOK,223.0,64.0,576.0,165.0,233.0,98.0,44.0,20.0,16.0
BOTTLE,21.0,18.0,57.0,21.0,51.0,32.0,4.0,15.0,3.0
BOW,29.0,8.0,59.0,52.0,61.0,30.0,15.0,11.0,4.0
BOWER,0.0,0.0,3.0,0.0,0.0,1.0,0.0,0.0,0.0
BOX,83.0,25.0,42.0,25.0,60.0,23.0,28.0,15.0,9.0
BRAMBLE,0.0,1.0,1.0,0.0,0.0,0.0,0.0,0.0,0.0
BRANCH,13.0,11.0,47.0,24.0,13.0,9.0,13.0,2.0,0.0
BRANDING OR MARKING,0.0,0.0,0.0,0.0,0.0,0.0,0.0,0.0,0.0
BREATHING,1.0,2.0,16.0,6.0,2.0,5.0,5.0,2.0,0.0
BRIDGE,67.0,52.0,363.0,156.0,25.0,77.0,63.0,13.0,5.0
BUCENTAUR,0.0,0.0,0.0,0.0,0.0,0.0,0.0,0.0,0.0
BUCKLE,0.0,0.0,1.0,3.0,0.0,0.0,0.0,0.0,0.0
BUCRANEUM,0.0,0.0,0.0,0.0,0.0,0.0,0.0,0.0,0.0
BULL,22.0,47.0,27.0,29.0,46.0,31.0,46.0,17.0,24.0
BUNCH,220.0,54.0,141.0,84.0,189.0,66.0,65.0,200.0,36.0
BUTTERFLY,14.0,4.0,37.0,35.0,44.0,9.0,5.0,3.0,2.0
CABIRI,0.0,0.0,0.0,0.0,0.0,0.0,0.0,0.0,0.0
CADUCEUS,0.0,0.0,0.0,0.0,0.0,0.0,0.0,0.0,0.0
CAMEL,2.0,3.0,16.0,18.0,9.0,5.0,4.0,1.0,1.0
CANCER,1.0,10.0,0.0,2.0,1.0,0.0,5.0,0.0,0.0
CANDELABRA,0.0,0.0,0.0,1.0,1.0,0.0,1.0,0.0,0.0
CANDLE LIGHTED,0.0,0.0,0.0,0.0,0.0,0.0,0.0,0.0,0.0
CANOPY,0.0,0.0,26.0,10.0,1.0,3.0,1.0,0.0,0.0
CAPRICORN,0.0,0.0,0.0,0.0,0.0,1.0,0.0,0.0,0.0
CARNIVAL,3.0,3.0,6.0,1.0,38.0,43.0,3.0,1.0,0.0
CASK BOTTOMLESS,0.0,0.0,0.0,0.0,0.0,0.0,0.0,0.0,0.0
CASTLE,66.0,25.0,178.0,246.0,48.0,77.0,91.0,5.0,7.0
CAT,44.0,39.0,203.0,69.0,256.0,46.0,66.0,39.0,8.0
CATASTROPHE,1.0,2.0,0.0,0.0,0.0,0.0,0.0,0.0,0.0
CAULDRON,1.0,0.0,0.0,0.0,1.0,1.0,2.0,0.0,0.0
CAVE,27.0,19.0,54.0,54.0,26.0,21.0,79.0,9.0,3.0
CAVERN,0.0,1.0,1.0,4.0,1.0,0.0,3.0,1.0,0.0
CENTAUR,1.0,2.0,0.0,3.0,9.0,2.0,4.0,3.0,0.0
CENTRE,7.0,4.0,15.0,9.0,7.0,5.0,8.0,3.0,0.0
CENTRE SPIRITUAL,0.0,0.0,0.0,0.0,0.0,0.0,0.0,0.0,0.0
CERBERUS,0.0,0.0,0.0,0.0,0.0,1.0,0.0,0.0,0.0
CHAIN,5.0,7.0,14.0,15.0,9.0,2.0,8.0,3.0,2.0
CHALICE,2.0,0.0,0.0,3.0,1.0,1.0,2.0,0.0,0.0
CHAOS,78.0,25.0,40.0,43.0,38.0,79.0,122.0,28.0,26.0
CHARIOT,4.0,0.0,6.0,14.0,5.0,10.0,2.0,0.0,1.0
CHEQUERS,0.0,0.0,0.0,0.0,0.0,0.0,0.0,0.0,0.0
CHERUBIM,0.0,0.0,1.0,2.0,1.0,0.0,0.0,0.0,0.0
CHILD,460.0,709.0,1618.0,727.0,862.0,189.0,364.0,293.0,68.0
CHIMAERA,0.0,0.0,0.0,0.0,0.0,0.0,0.0,0.0,0.0
CHOICE,75.0,61.0,164.0,134.0,47.0,57.0,29.0,40.0,3.0
CHRISM,0.0,0.0,0.0,0.0,0.0,0.0,0.0,0.0,0.0
CHRYSALIS,0.0,0.0,0.0,0.0,0.0,0.0,0.0,0.0,0.0
CHTHONIAN DEMONS,0.0,0.0,0.0,0.0,0.0,0.0,0.0,0.0,0.0
CIRCLE,67.0,24.0,100.0,81.0,62.0,37.0,53.0,15.0,11.0
CIRCUMFERENCE,0.0,0.0,1.0,1.0,0.0,0.0,0.0,0.0,0.0
CITHARA,0.0,0.0,0.0,0.0,0.0,0.0,0.0,0.0,0.0
CITY,182.0,182.0,1003.0,560.0,114.0,484.0,160.0,68.0,21.0
CLIMATE,6.0,9.0,9.0,2.0,2.0,5.0,4.0,1.0,1.0
CLIPEUS,0.0,0.0,0.0,0.0,0.0,0.0,0.0,0.0,0.0
CLOAK,8.0,19.0,26.0,42.0,11.0,4.0,39.0,4.0,0.0
CLOCK,11.0,13.0,14.0,15.0,13.0,8.0,9.0,3.0,1.0
CLOTHES,172.0,267.0,473.0,335.0,286.0,123.0,111.0,142.0,18.0
CLOUDS,164.0,275.0,1234.0,1037.0,153.0,183.0,662.0,45.0,17.0
CLOVER,0.0,0.0,0.0,4.0,5.0,0.0,0.0,0.0,0.0
CLOWN,14.0,27.0,7.0,8.0,103.0,8.0,51.0,15.0,3.0
COAL,2.0,7.0,7.0,4.0,0.0,0.0,3.0,3.0,3.0
COBWEB,0.0,0.0,0.0,0.0,0.0,0.0,0.0,0.0,0.0
COCK,0.0,3.0,1.0,1.0,3.0,2.0,0.0,2.0,0.0
COFFER,0.0,0.0,0.0,0.0,0.0,0.0,0.0,0.0,0.0
COLD,296.0,742.0,385.0,192.0,47.0,73.0,251.0,75.0,18.0
COLOUR,127.0,70.0,175.0,84.0,42.0,87.0,58.0,32.0,9.0
COLUMN,9.0,6.0,9.0,15.0,6.0,4.0,4.0,3.0,0.0
COLUMN OF FIRE,0.0,0.0,0.0,0.0,0.0,0.0,0.0,0.0,0.0
COMB,4.0,2.0,4.0,3.0,4.0,1.0,0.0,1.0,0.0
COMBAT,1.0,1.0,3.0,3.0,0.0,2.0,8.0,2.0,0.0
COMPASSES,0.0,0.0,0.0,0.0,0.0,0.0,0.0,0.0,0.0
CONCORD,0.0,0.0,0.0,0.0,0.0,0.0,0.0,0.0,0.0
CONE,9.0,3.0,5.0,4.0,22.0,0.0,3.0,2.0,1.0
CONJUNCTION,0.0,3.0,3.0,3.0,2.0,0.0,1.0,1.0,0.0
CONSTELLATION,0.0,0.0,1.0,2.0,1.0,0.0,0.0,0.0,0.0
CONTAMINATION,0.0,0.0,0.0,0.0,0.0,0.0,2.0,0.0,0.0
CORAL,3.0,0.0,18.0,13.0,11.0,6.0,1.0,1.0,1.0
CORNERSTONE,0.0,0.0,0.0,0.0,0.0,0.0,0.0,0.0,0.0
CORNUCOPIA,4.0,0.0,7.0,0.0,1.0,1.0,0.0,0.0,0.0
CORRESPONDENCES,0.0,0.0,0.0,0.0,0.0,0.0,0.0,0.0,0.0
COSMOGONY,0.0,0.0,0.0,0.0,0.0,0.0,0.0,0.0,0.0
COW,39.0,43.0,130.0,45.0,80.0,19.0,22.0,29.0,4.0
CRANE,0.0,2.0,3.0,4.0,3.0,1.0,0.0,1.0,0.0
CREATION,17.0,6.0,12.0,34.0,7.0,6.0,4.0,1.0,1.0
CREMATION,0.0,0.0,0.0,0.0,0.0,0.0,0.0,0.0,0.0
CRESCENT,0.0,1.0,11.0,7.0,3.0,1.0,0.0,0.0,0.0
CREST,4.0,0.0,4.0,9.0,1.0,4.0,2.0,0.0,0.0
CRISIS,3.0,5.0,0.0,0.0,0.0,0.0,2.0,3.0,0.0
CROCODILE,0.0,1.0,0.0,0.0,2.0,0.0,6.0,0.0,0.0
CROMLECH,0.0,0.0,0.0,0.0,0.0,0.0,0.0,0.0,0.0
CRONOS,0.0,0.0,0.0,0.0,0.0,0.0,0.0,0.0,0.0
CROOK,1.0,0.0,1.0,1.0,0.0,0.0,1.0,0.0,0.0
CROSS,75.0,310.0,109.0,221.0,68.0,31.0,117.0,42.0,27.0
CROW,3.0,2.0,6.0,6.0,5.0,3.0,11.0,2.0,0.0
CROWD,71.0,65.0,142.0,107.0,53.0,213.0,116.0,20.0,20.0
CROWN,28.0,58.0,78.0,158.0,42.0,20.0,27.0,10.0,4.0
CRUCIFIXION,8.0,86.0,2.0,21.0,4.0,3.0,10.0,13.0,16.0
CRUTCH,0.0,2.0,0.0,0.0,0.0,0.0,0.0,0.0,0.0
CRYSTAL,5.0,1.0,42.0,34.0,4.0,12.0,7.0,1.0,0.0
CUBE,10.0,2.0,4.0,3.0,9.0,3.0,3.0,1.0,1.0
CURL,3.0,2.0,11.0,2.0,8.0,0.0,4.0,1.0,0.0
CURTAIN,20.0,9.0,38.0,30.0,28.0,24.0,12.0,6.0,2.0
CYBELE,0.0,0.0,0.0,0.0,0.0,0.0,0.0,0.0,0.0
CYCLE,3.0,7.0,12.0,3.0,1.0,1.0,1.0,1.0,1.0
CYCLOPS,0.0,0.0,0.0,0.0,2.0,0.0,3.0,0.0,0.0
CYDIPPE,0.0,0.0,0.0,0.0,0.0,0.0,0.0,0.0,0.0
CYPRESS,2.0,0.0,3.0,1.0,1.0,0.0,0.0,0.0,0.0
DACTYLS,0.0,0.0,0.0,0.0,0.0,0.0,0.0,0.0,0.0
DAENA,0.0,0.0,0.0,0.0,0.0,0.0,0.0,0.0,0.0
DAGGER,6.0,4.0,2.0,1.0,3.0,3.0,20.0,0.0,3.0
DANCE,28.0,18.0,103.0,72.0,114.0,148.0,12.0,4.0,1.0
DARKNESS,180.0,630.0,233.0,324.0,25.0,51.0,1150.0,54.0,45.0
DARKNESS OBSCURITY,0.0,0.0,0.0,0.0,0.0,0.0,0.0,0.0,0.0
DAWN,14.0,3.0,48.0,21.0,1.0,12.0,6.0,2.0,0.0
DAY OF REST,0.0,0.0,0.0,0.0,0.0,0.0,0.0,0.0,0.0
DEATH,67.0,697.0,28.0,81.0,23.0,22.0,491.0,86.0,27.0
DEATH HEROIC,0.0,0.0,0.0,0.0,0.0,0.0,0.0,0.0,0.0
DECAPITATION,0.0,0.0,0.0,0.0,0.0,0.0,1.0,1.0,0.0
DECORATIONS,8.0,3.0,19.0,24.0,9.0,6.0,1.0,0.0,0.0
DEFILE,1.0,0.0,0.0,0.0,0.0,0.0,0.0,2.0,0.0
DELUGE,0.0,0.0,1.0,0.0,0.0,0.0,0.0,0.0,0.0
DESCENT TO HELL,0.0,0.0,0.0,0.0,0.0,0.0,0.0,0.0,0.0
DESERT,52.0,37.0,151.0,89.0,18.0,46.0,15.0,7.0,3.0
DESTRUCTION,10.0,36.0,2.0,6.0,1.0,4.0,69.0,18.0,12.0
DEVIL,15.0,9.0,5.0,15.0,24.0,7.0,166.0,25.0,8.0
DEVOURING,2.0,1.0,0.0,2.0,1.0,0.0,13.0,5.0,0.0
DEW,0.0,0.0,1.0,1.0,0.0,1.0,1.0,0.0,0.0
DIADEM,0.0,0.0,0.0,0.0,0.0,0.0,0.0,0.0,0.0
DIAMOND,5.0,2.0,9.0,9.0,4.0,1.0,0.0,2.0,0.0
DIANA,1.0,0.0,3.0,0.0,0.0,0.0,0.0,0.0,0.0
DIGESTION,0.0,0.0,0.0,0.0,0.0,0.0,0.0,0.0,0.0
DIONYSOS,0.0,0.0,0.0,0.0,0.0,0.0,0.0,0.0,0.0
DISAPPEARANCE,0.0,0.0,0.0,0.0,0.0,0.0,0.0,0.0,0.0
DISGUISE,2.0,1.0,2.0,1.0,5.0,0.0,4.0,3.0,1.0
DISJUNCTION,0.0,0.0,0.0,0.0,0.0,0.0,0.0,0.0,0.0
DISK,0.0,0.0,1.0,2.0,1.0,0.0,0.0,0.0,0.0
DISMEMBERMENT,1.0,0.0,0.0,0.0,0.0,0.0,0.0,3.0,0.0
DISTAFF,0.0,0.0,0.0,0.0,0.0,0.0,0.0,0.0,0.0
DOG,130.0,216.0,686.0,213.0,518.0,146.0,143.0,67.0,24.0
DOLL OR PUPPET,0.0,0.0,0.0,0.0,0.0,0.0,0.0,0.0,0.0
DOLMEN,0.0,0.0,0.0,0.0,0.0,0.0,0.0,0.0,0.0
DOLPHIN,1.0,1.0,3.0,2.0,5.0,1.0,1.0,0.0,0.0
DOOR,61.0,46.0,89.0,53.0,53.0,40.0,79.0,15.0,8.0
DOORWAYS,0.0,1.0,2.0,5.0,0.0,1.0,1.0,0.0,0.0
DOUBLE,10.0,7.0,20.0,13.0,27.0,8.0,3.0,22.0,1.0
DOVE,6.0,4.0,28.0,43.0,4.0,1.0,1.0,1.0,0.0
DRAGON,20.0,4.0,9.0,46.0,40.0,49.0,88.0,3.0,7.0
DREAMS,11.0,17.0,22.0,20.0,11.0,16.0,9.0,0.0,0.0
DRINK,29.0,25.0,138.0,21.0,39.0,20.0,9.0,13.0,2.0
DRUM,2.0,2.0,7.0,1.0,5.0,4.0,2.0,0.0,1.0
DRYNESS,0.0,4.0,2.0,0.0,0.0,0.0,0.0,0.0,0.0
DUALISM,0.0,0.0,0.0,0.0,0.0,0.0,0.0,0.0,0.0
DUALITY,19.0,5.0,15.0,8.0,1.0,3.0,4.0,0.0,1.0
DUCK,16.0,6.0,33.0,11.0,41.0,8.0,2.0,9.0,1.0
DUMBNESS,0.0,0.0,0.0,0.0,0.0,0.0,0.0,0.0,0.0
DUMMY,0.0,0.0,0.0,0.0,2.0,0.0,1.0,0.0,0.0
DUPLICATION,0.0,0.0,2.0,0.0,0.0,0.0,0.0,0.0,0.0
DUST,20.0,27.0,11.0,22.0,5.0,11.0,14.0,15.0,1.0
DWARF,4.0,2.0,2.0,9.0,5.0,2.0,3.0,4.0,0.0
EAGLE,4.0,3.0,6.0,8.0,2.0,9.0,12.0,6.0,2.0
EAGLE AND SERPENT,0.0,0.0,0.0,0.0,0.0,0.0,0.0,0.0,0.0
EAR OF CORN,0.0,0.0,0.0,0.0,0.0,0.0,0.0,0.0,0.0
EARTH,79.0,47.0,225.0,163.0,22.0,43.0,40.0,7.0,6.0
EARTHQUAKE,0.0,3.0,1.0,0.0,1.0,0.0,6.0,0.0,0.0
EFFIGY,0.0,0.0,0.0,0.0,0.0,0.0,1.0,0.0,0.0
EFFULGENCE,0.0,0.0,0.0,0.0,0.0,0.0,0.0,0.0,0.0
EGG,16.0,2.0,26.0,9.0,53.0,11.0,7.0,17.0,3.0
EGYPT,4.0,2.0,4.0,9.0,1.0,5.0,1.0,0.0,0.0
ELDORADO,0.0,0.0,0.0,0.0,0.0,0.0,0.0,0.0,0.0
ELEMENTS,75.0,38.0,111.0,107.0,63.0,44.0,33.0,15.0,8.0
ELEPHANT,10.0,8.0,11.0,22.0,37.0,14.0,8.0,5.0,7.0
EMBLEMS,0.0,0.0,0.0,1.0,1.0,0.0,0.0,0.0,0.0
EMPEROR,1.0,1.0,2.0,1.0,3.0,2.0,1.0,3.0,1.0
EMPRESS,1.0,0.0,1.0,1.0,0.0,1.0,0.0,0.0,0.0
EMPTINESS,36.0,109.0,14.0,7.0,2.0,2.0,20.0,2.0,1.0
ENCHANTMENT,1.0,0.0,2.0,0.0,0.0,2.0,0.0,0.0,0.0
ENCLOSURE,1.0,0.0,2.0,1.0,1.0,0.0,1.0,0.0,0.0
ENIGMA,4.0,0.0,0.0,0.0,1.0,0.0,1.0,0.0,0.0
ENIGMAS,0.0,0.0,0.0,0.0,0.0,0.0,0.0,0.0,0.0
ENTANGLEMENT,0.0,2.0,0.0,0.0,0.0,2.0,0.0,0.0,0.0
EQUATION,1.0,1.0,0.0,0.0,2.0,1.0,0.0,0.0,0.0
ERINYES,0.0,0.0,0.0,0.0,0.0,0.0,0.0,0.0,0.0
ETERNITY,5.0,3.0,3.0,2.0,0.0,2.0,4.0,0.0,1.0
ETHIOPS,0.0,0.0,0.0,0.0,0.0,0.0,0.0,0.0,0.0
EUPHRATES,0.0,0.0,0.0,0.0,0.0,0.0,0.0,0.0,0.0
EVE,21.0,34.0,29.0,43.0,21.0,15.0,24.0,11.0,10.0
EXCREMENT,0.0,0.0,0.0,0.0,0.0,1.0,0.0,6.0,0.0
EYE,252.0,157.0,563.0,417.0,224.0,232.0,219.0,108.0,27.0
FACE HUMAN,0.0,0.0,0.0,0.0,0.0,0.0,0.0,0.0,0.0
FAIRIES,1.0,1.0,7.0,10.0,11.0,6.0,1.0,0.0,0.0
FALL,96.0,116.0,661.0,208.0,77.0,107.0,172.0,21.0,2.0
FAN,165.0,38.0,95.0,57.0,52.0,34.0,20.0,142.0,11.0
FARMER,24.0,22.0,80.0,23.0,13.0,7.0,7.0,1.0,1.0
FARMING,12.0,8.0,53.0,11.0,4.0,7.0,1.0,0.0,0.0
FATHER,57.0,71.0,153.0,59.0,35.0,18.0,20.0,10.0,4.0
FEATHER,12.0,1.0,34.0,29.0,45.0,12.0,2.0,6.0,0.0
FECUNDITY,1.0,0.0,1.0,0.0,0.0,0.0,0.0,0.0,0.0
FERTILITY,1.0,0.0,5.0,4.0,1.0,1.0,0.0,1.0,0.0
FETE,0.0,0.0,1.0,0.0,0.0,0.0,0.0,0.0,0.0
FIBULA,0.0,0.0,0.0,0.0,0.0,0.0,0.0,0.0,0.0
FIELDS,45.0,53.0,371.0,89.0,7.0,34.0,12.0,6.0,0.0
FIGHT,38.0,59.0,13.0,48.0,43.0,68.0,162.0,10.0,35.0
FIGURES,396.0,460.0,776.0,830.0,507.0,402.0,785.0,281.0,38.0
FIRE,102.0,149.0,154.0,177.0,33.0,88.0,455.0,17.0,35.0
FISH,94.0,87.0,252.0,132.0,202.0,80.0,64.0,149.0,10.0
FISH COSMIC,0.0,0.0,0.0,0.0,0.0,0.0,0.0,0.0,0.0
FISHER KING,0.0,0.0,0.0,0.0,0.0,0.0,0.0,0.0,0.0
FISHING,28.0,26.0,337.0,46.0,42.0,64.0,7.0,3.0,0.0
FLAG,58.0,27.0,52.0,59.0,37.0,43.0,20.0,10.0,11.0
FLAME,5.0,3.0,11.0,16.0,3.0,6.0,13.0,0.0,1.0
FLIGHT,14.0,1.0,10.0,10.0,9.0,7.0,9.0,0.0,0.0
FLOCKS,3.0,0.0,2.0,2.0,1.0,0.0,0.0,0.0,0.0
FLOGGING,0.0,2.0,0.0,0.0,0.0,0.0,0.0,0.0,0.0
FLOWER,148.0,114.0,733.0,304.0,140.0,157.0,34.0,23.0,7.0
FLUTE,3.0,2.0,27.0,12.0,16.0,4.0,0.0,3.0,0.0
FOLKLORIC DANCE,0.0,0.0,0.0,0.0,0.0,0.0,0.0,0.0,0.0
FOOL,8.0,4.0,2.0,1.0,10.0,0.0,2.0,0.0,2.0
FOOT,28.0,30.0,62.0,32.0,57.0,21.0,23.0,34.0,2.0
FOOTPRINTS,3.0,1.0,14.0,5.0,2.0,2.0,0.0,0.0,0.0
FOOTWEAR,0.0,2.0,0.0,0.0,0.0,0.0,0.0,0.0,0.0
FORD,2.0,0.0,0.0,1.0,2.0,1.0,0.0,0.0,0.0
FOREST,108.0,124.0,776.0,397.0,55.0,148.0,337.0,24.0,10.0
FOSSIL,1.0,0.0,0.0,1.0,0.0,0.0,0.0,0.0,0.0
FOUNTAIN,12.0,15.0,65.0,49.0,17.0,13.0,3.0,1.0,0.0
FOX,6.0,11.0,12.0,18.0,15.0,14.0,17.0,3.0,1.0
FRACTURE,0.0,1.0,0.0,1.0,0.0,0.0,1.0,0.0,0.0
FROG,2.0,3.0,8.0,4.0,42.0,9.0,9.0,8.0,0.0
FRUIT,224.0,91.0,900.0,172.0,205.0,200.0,31.0,136.0,14.0
FUNEREAL,0.0,8.0,0.0,0.0,0.0,0.0,1.0,0.0,0.0
GARDEN,74.0,52.0,605.0,164.0,50.0,81.0,20.0,10.0,2.0
GARGOYLES,0.0,0.0,2.0,1.0,0.0,0.0,5.0,0.0,0.0
GARLAND,0.0,0.0,2.0,2.0,1.0,1.0,0.0,0.0,0.0
GAZELLE,0.0,1.0,0.0,1.0,0.0,0.0,0.0,0.0,0.0
GEMINI,0.0,0.0,0.0,0.0,0.0,0.0,0.0,0.0,0.0
GEOMETRIC,86.0,13.0,131.0,69.0,85.0,55.0,22.0,31.0,8.0
GIANT,87.0,43.0,113.0,314.0,361.0,69.0,208.0,81.0,7.0
GLADIATORS,0.0,0.0,0.0,2.0,0.0,1.0,2.0,0.0,0.0
GLOBE,8.0,1.0,14.0,21.0,7.0,5.0,1.0,2.0,0.0
GLOVES,6.0,5.0,18.0,14.0,19.0,8.0,6.0,1.0,0.0
GOBLET,4.0,0.0,6.0,6.0,4.0,2.0,2.0,1.0,0.0
GOG AND MAGOG,0.0,0.0,0.0,0.0,0.0,0.0,0.0,0.0,0.0
GOLD,113.0,29.0,397.0,544.0,81.0,132.0,26.0,18.0,7.0
GOLDEN FLEECE,0.0,0.0,0.0,0.0,0.0,0.0,0.0,0.0,0.0
GOOSE,2.0,5.0,1.0,6.0,18.0,3.0,4.0,3.0,0.0
GORGON,0.0,0.0,0.0,1.0,1.0,0.0,0.0,0.0,0.0
GRAFTING,0.0,0.0,0.0,0.0,0.0,0.0,0.0,0.0,0.0
GRAIL,0.0,0.0,0.0,0.0,1.0,0.0,1.0,0.0,0.0
GRAPES,25.0,3.0,88.0,31.0,30.0,30.0,2.0,15.0,1.0
GRAPHICS,6.0,1.0,4.0,1.0,6.0,7.0,1.0,1.0,0.0
GREAT MONARCH,0.0,0.0,0.0,0.0,0.0,0.0,0.0,0.0,0.0
GREAT MOTHER,0.0,0.0,0.0,0.0,0.0,0.0,0.0,0.0,0.0
GREAT PRIEST,0.0,0.0,0.0,0.0,0.0,0.0,0.0,0.0,0.0
GREAT PRIESTESS,0.0,0.0,0.0,0.0,0.0,0.0,0.0,0.0,0.0
GREENERY,25.0,15.0,224.0,67.0,14.0,19.0,7.0,3.0,1.0
GRIFFIN,0.0,0.0,0.0,0.0,1.0,0.0,0.0,0.0,1.0
GROTESQUES,0.0,0.0,0.0,0.0,0.0,0.0,0.0,0.0,0.0
GUARDIAN,6.0,2.0,19.0,11.0,2.0,6.0,4.0,0.0,0.0
GUM,0.0,0.0,5.0,1.0,12.0,2.0,1.0,2.0,0.0
HAIR,291.0,188.0,1105.0,838.0,823.0,247.0,193.0,223.0,20.0
HAIRS,8.0,2.0,10.0,12.0,7.0,1.0,1.0,7.0,1.0
HALO,20.0,12.0,47.0,169.0,12.0,7.0,9.0,8.0,2.0
HAMLET,1.0,1.0,3.0,0.0,0.0,0.0,0.0,0.0,0.0
HAMMER,5.0,4.0,2.0,1.0,6.0,0.0,6.0,1.0,0.0
HAND,272.0,304.0,404.0,330.0,324.0,109.0,291.0,143.0,48.0
HANGED MAN,0.0,0.0,0.0,0.0,0.0,0.0,0.0,0.0,0.0
HARE,0.0,1.0,1.0,0.0,1.0,0.0,0.0,1.0,0.0
HARP,7.0,7.0,27.0,12.0,7.0,6.0,6.0,3.0,0.0
HARPIES,1.0,0.0,0.0,0.0,0.0,0.0,1.0,0.0,0.0
HARPIST,1.0,0.0,1.0,0.0,0.0,0.0,0.0,0.0,0.0
HAT,197.0,98.0,508.0,263.0,680.0,146.0,75.0,46.0,10.0
HAWK,0.0,2.0,1.0,8.0,1.0,2.0,2.0,0.0,0.0
HEAD,457.0,702.0,461.0,416.0,842.0,133.0,601.0,416.0,39.0
HEART,35.0,138.0,132.0,117.0,38.0,47.0,27.0,16.0,3.0
HEARTH,0.0,2.0,3.0,1.0,0.0,0.0,0.0,0.0,0.0
HEAT,20.0,13.0,47.0,21.0,3.0,17.0,11.0,6.0,3.0
HEAVEN,23.0,40.0,59.0,207.0,17.0,28.0,33.0,4.0,2.0
HECATE,0.0,0.0,0.0,0.0,0.0,0.0,0.0,0.0,0.0
HELIOS,0.0,0.0,0.0,0.0,0.0,0.0,0.0,0.0,0.0
HELL,19.0,25.0,5.0,23.0,20.0,8.0,183.0,13.0,6.0
HELMET,8.0,2.0,7.0,21.0,19.0,3.0,6.0,0.0,2.0
HEMISPHERES,0.0,0.0,0.0,0.0,0.0,0.0,0.0,0.0,0.0
HERALD AT ARMS,0.0,0.0,0.0,0.0,0.0,0.0,0.0,0.0,0.0
HERALDIC SYMBOLS,0.0,0.0,0.0,0.0,0.0,0.0,0.0,0.0,0.0
HERBS,3.0,1.0,8.0,1.0,1.0,0.0,0.0,0.0,0.0
HERCULES,0.0,0.0,0.0,1.0,0.0,3.0,0.0,0.0,0.0
HERMAPHRODITE,0.0,0.0,0.0,0.0,0.0,0.0,0.0,0.0,0.0
HERMIT,1.0,0.0,3.0,4.0,1.0,0.0,1.0,0.0,0.0
HERO,4.0,1.0,4.0,19.0,9.0,19.0,4.0,3.0,0.0
HERON,0.0,0.0,0.0,1.0,1.0,0.0,0.0,0.0,0.0
HESPERIDES,0.0,0.0,0.0,0.0,0.0,0.0,0.0,0.0,0.0
HIEROGLYPHICS,3.0,0.0,2.0,6.0,1.0,0.0,0.0,0.0,0.0
HIPPALECTRYON,0.0,0.0,0.0,0.0,0.0,0.0,0.0,0.0,0.0
HIPPOGRYPH,0.0,0.0,0.0,0.0,0.0,0.0,0.0,0.0,0.0
HIPPOPOTAMUS,0.0,0.0,0.0,0.0,1.0,0.0,0.0,0.0,0.0
HOG,0.0,0.0,0.0,0.0,1.0,2.0,2.0,1.0,0.0
HOLE,25.0,31.0,18.0,28.0,21.0,17.0,66.0,7.0,1.0
HOLLOW,13.0,30.0,2.0,5.0,1.0,0.0,30.0,8.0,0.0
HOLM OAK,0.0,0.0,0.0,0.0,0.0,0.0,0.0,0.0,0.0
HOLY LAND,0.0,0.0,0.0,0.0,0.0,0.0,0.0,0.0,0.0
HONEY,1.0,0.0,9.0,5.0,2.0,1.0,1.0,0.0,1.0
HOOD,7.0,11.0,19.0,12.0,14.0,5.0,18.0,1.0,0.0
HORNS,7.0,2.0,6.0,9.0,16.0,11.0,55.0,10.0,3.0
HORSE,228.0,357.0,661.0,536.0,396.0,345.0,349.0,102.0,64.0
HOURS,15.0,20.0,32.0,37.0,20.0,10.0,3.0,0.0,3.0
HOUSE,279.0,303.0,1265.0,395.0,173.0,139.0,310.0,50.0,18.0
HUNT,6.0,8.0,9.0,8.0,5.0,41.0,18.0,2.0,3.0
HUNTER,6.0,10.0,16.0,8.0,8.0,7.0,10.0,3.0,4.0
HURRICANE,8.0,9.0,2.0,2.0,4.0,1.0,27.0,0.0,0.0
HYLE,0.0,0.0,0.0,0.0,0.0,0.0,0.0,0.0,0.0
HYPERBOREAN REGIONS,0.0,0.0,0.0,0.0,0.0,0.0,0.0,0.0,0.0
IBIS,0.0,0.0,0.0,0.0,0.0,0.0,0.0,0.0,0.0
ICE,57.0,26.0,130.0,73.0,88.0,51.0,31.0,10.0,3.0
IDENTITIES,1.0,0.0,2.0,1.0,0.0,0.0,1.0,0.0,0.0
IDEOGRAMS,0.0,0.0,0.0,0.0,0.0,0.0,0.0,0.0,0.0
IMAGE,1510.0,975.0,2043.0,1309.0,702.0,741.0,905.0,590.0,140.0
IMAGE PICTORIAL,0.0,0.0,0.0,0.0,0.0,0.0,0.0,0.0,0.0
IMAGO IGNOTA,0.0,0.0,0.0,0.0,0.0,0.0,0.0,0.0,0.0
IMPOSSIBILITIES,0.0,0.0,0.0,0.0,0.0,0.0,0.0,0.0,0.0
INCEST,0.0,0.0,0.0,0.0,0.0,0.0,0.0,1.0,0.0
INFERIOR,1.0,0.0,0.0,0.0,0.0,0.0,0.0,3.0,1.0
INSTRUMENTS,19.0,9.0,34.0,20.0,48.0,39.0,1.0,2.0,1.0
INTERLACE,0.0,0.0,0.0,0.0,0.0,0.0,0.0,0.0,0.0
INTERSECTION,4.0,0.0,2.0,2.0,0.0,3.0,0.0,1.0,0.0
INTERWORLD,0.0,0.0,0.0,0.0,0.0,0.0,0.0,0.0,0.0
INTESTINES,0.0,0.0,0.0,0.0,1.0,0.0,1.0,10.0,0.0
INVERSION,0.0,0.0,1.0,1.0,1.0,1.0,0.0,0.0,0.0
INVERTED TRIANGLE,0.0,0.0,0.0,0.0,0.0,0.0,0.0,0.0,0.0
INVISIBILITY,0.0,0.0,0.0,0.0,0.0,1.0,0.0,0.0,0.0
IOPODE,0.0,0.0,0.0,0.0,0.0,0.0,0.0,0.0,0.0
ISHTAR,0.0,0.0,0.0,0.0,0.0,0.0,0.0,0.0,0.0
ISLAND,18.0,18.0,85.0,40.0,16.0,31.0,24.0,2.0,0.0
ISLAND ACCURSED,0.0,0.0,0.0,0.0,0.0,0.0,0.0,0.0,0.0
ISLAND OF THE BLESSED,0.0,0.0,0.0,0.0,0.0,0.0,0.0,0.0,0.0
IVY,2.0,0.0,12.0,5.0,2.0,1.0,4.0,3.0,0.0
JADE,0.0,0.0,5.0,2.0,0.0,0.0,0.0,0.0,0.0
JANUS,0.0,0.0,0.0,0.0,0.0,0.0,0.0,0.0,0.0
JERUSALEM CELESTIAL,0.0,0.0,0.0,0.0,0.0,0.0,0.0,0.0,0.0
JESTER,7.0,6.0,9.0,2.0,60.0,1.0,8.0,4.0,0.0
JEWELS AND GEMS,0.0,0.0,0.0,0.0,0.0,0.0,0.0,0.0,0.0
JOURNEY,43.0,40.0,84.0,58.0,5.0,98.0,25.0,2.0,1.0
JOURNEY INTO HELL,0.0,0.0,0.0,0.0,0.0,0.0,0.0,0.0,0.0
JOURNEY OF THE SOUL,0.0,0.0,0.0,0.0,0.0,0.0,0.0,0.0,0.0
JOURNEY TO THE CENTRE OF THE EARTH,0.0,0.0,0.0,0.0,0.0,0.0,0.0,0.0,0.0
JUDGEMENT DAY OF,0.0,0.0,0.0,0.0,0.0,0.0,0.0,0.0,0.0
JUICE,2.0,0.0,8.0,2.0,7.0,4.0,0.0,0.0,0.0
JUPITER,0.0,0.0,0.0,1.0,1.0,0.0,0.0,0.0,0.0
JUSTICE,5.0,5.0,6.0,6.0,2.0,1.0,5.0,5.0,2.0
KEY,8.0,4.0,13.0,8.0,9.0,5.0,7.0,3.0,0.0
KING,63.0,70.0,73.0,144.0,84.0,61.0,74.0,32.0,32.0
KNIFE,24.0,22.0,25.0,17.0,18.0,16.0,108.0,15.0,7.0
KNIGHT,33.0,16.0,23.0,67.0,34.0,62.0,42.0,3.0,2.0
KNOT,0.0,1.0,0.0,0.0,1.0,1.0,1.0,1.0,0.0
LABOUR,1.0,6.0,3.0,0.0,0.0,0.0,0.0,0.0,0.0
LABRYS,0.0,0.0,0.0,0.0,0.0,0.0,0.0,0.0,0.0
LABYRINTH,1.0,0.0,1.0,1.0,1.0,0.0,1.0,0.0,0.0
LACING,0.0,1.0,5.0,0.0,0.0,2.0,0.0,0.0,0.0
LAKE,79.0,48.0,772.0,300.0,40.0,98.0,39.0,11.0,3.0
LAMB,5.0,8.0,32.0,16.0,8.0,1.0,7.0,2.0,0.0
LAMIA,0.0,0.0,0.0,0.0,0.0,0.0,0.0,0.0,0.0
LAMP,8.0,1.0,33.0,17.0,16.0,6.0,3.0,1.0,0.0
LANCE,2.0,0.0,0.0,0.0,1.0,5.0,1.0,0.0,0.0
LANDSCAPE,347.0,273.0,1441.0,848.0,125.0,231.0,153.0,39.0,6.0
LANGUAGE OF THE BIRDS,0.0,0.0,0.0,0.0,0.0,0.0,0.0,0.0,0.0
LANTERN,5.0,5.0,14.0,9.0,5.0,3.0,5.0,2.0,0.0
LAPIS LAZULI,0.0,0.0,0.0,0.0,0.0,0.0,0.0,0.0,0.0
LAUREL,0.0,0.0,1.0,0.0,0.0,1.0,0.0,0.0,0.0
LEAD,53.0,38.0,72.0,54.0,22.0,47.0,54.0,5.0,2.0
LEAF,13.0,8.0,28.0,26.0,17.0,11.0,5.0,3.0,1.0
LEG,29.0,34.0,35.0,19.0,47.0,13.0,24.0,28.0,1.0
LEMURES,0.0,0.0,0.0,0.0,0.0,0.0,0.0,0.0,0.0
LEO,0.0,0.0,0.0,0.0,1.0,1.0,0.0,0.0,0.0
LEOPARD,2.0,3.0,6.0,6.0,5.0,5.0,4.0,1.0,1.0
LETTERS OF THE ALPHABET,0.0,0.0,0.0,0.0,0.0,0.0,0.0,0.0,0.0
LEVEL,40.0,16.0,85.0,335.0,39.0,45.0,13.0,16.0,10.0
LEVIATHAN,0.0,0.0,0.0,0.0,0.0,0.0,0.0,0.0,0.0
LIBERATION OF THE DAMSEL,0.0,0.0,0.0,0.0,0.0,0.0,0.0,0.0,0.0
LIBRA,0.0,0.0,0.0,0.0,0.0,0.0,0.0,0.0,0.0
LIFE,557.0,1037.0,2015.0,984.0,342.0,452.0,207.0,106.0,40.0
LIGHT,527.0,303.0,3028.0,2013.0,343.0,573.0,363.0,80.0,20.0
LIGHTNESS,24.0,10.0,58.0,38.0,10.0,6.0,5.0,3.0,1.0
LILITH,0.0,0.0,0.0,0.0,0.0,0.0,1.0,0.0,0.0
LILY,6.0,3.0,81.0,30.0,7.0,17.0,2.0,3.0,0.0
LINGAM,0.0,0.0,0.0,0.0,0.0,0.0,0.0,0.0,0.0
LION,20.0,28.0,31.0,63.0,55.0,27.0,74.0,12.0,8.0
LOAVES OF BREAD,0.0,0.0,0.0,0.0,0.0,0.0,0.0,0.0,0.0
LOCUSTS,0.0,1.0,0.0,0.0,0.0,0.0,1.0,0.0,0.0
LOGOS,3.0,1.0,1.0,0.0,1.0,0.0,1.0,2.0,0.0
LOOPS AND BONDS,0.0,0.0,0.0,0.0,0.0,0.0,0.0,0.0,0.0
LORELEI,0.0,0.0,0.0,0.0,0.0,0.0,0.0,0.0,0.0
LOSS,11.0,263.0,5.0,6.0,2.0,0.0,17.0,5.0,4.0
LOTUS,0.0,0.0,8.0,3.0,0.0,0.0,1.0,1.0,0.0
LOVE,562.0,213.0,5185.0,4852.0,1174.0,2181.0,47.0,49.0,33.0
LOVED ONE,0.0,0.0,0.0,0.0,0.0,0.0,0.0,0.0,0.0
LOVER,15.0,39.0,42.0,12.0,16.0,34.0,4.0,4.0,4.0
LOZENGE,0.0,0.0,0.0,0.0,0.0,0.0,0.0,0.0,0.0
LUZ,0.0,0.0,0.0,0.0,0.0,0.0,0.0,0.0,0.0
LYCANTHROPE,0.0,0.0,0.0,0.0,0.0,0.0,0.0,0.0,0.0
LYRE,0.0,0.0,2.0,2.0,1.0,0.0,0.0,0.0,0.0
MACE,0.0,0.0,0.0,0.0,0.0,0.0,0.0,0.0,0.0
MACHINES,6.0,2.0,1.0,8.0,3.0,3.0,1.0,0.0,1.0
MAIZE,0.0,0.0,0.0,0.0,0.0,0.0,0.0,0.0,0.0
MAKARA,0.0,0.0,0.0,0.0,0.0,0.0,0.0,0.0,0.0
MAN,2856.0,5574.0,5855.0,4036.0,4000.0,1511.0,4511.0,1803.0,799.0
MANDALA,1.0,0.0,0.0,2.0,0.0,0.0,0.0,0.0,0.0
MANDORLA,0.0,0.0,0.0,0.0,0.0,0.0,0.0,0.0,0.0
MANDRAGORA,0.0,0.0,0.0,0.0,0.0,0.0,0.0,0.0,0.0
MANICORA,0.0,0.0,0.0,0.0,0.0,0.0,0.0,0.0,0.0
MARKS,48.0,35.0,56.0,43.0,32.0,13.0,41.0,19.0,11.0
MARRIAGE,4.0,10.0,7.0,5.0,6.0,5.0,2.0,1.0,1.0
MARS,3.0,0.0,1.0,3.0,0.0,4.0,0.0,0.0,0.0
MARSH,1.0,2.0,9.0,3.0,0.0,1.0,3.0,1.0,0.0
MASCARON,0.0,0.0,0.0,0.0,0.0,0.0,0.0,0.0,0.0
MASK,20.0,22.0,22.0,20.0,44.0,16.0,73.0,9.0,2.0
MATERNITY,0.0,0.0,1.0,0.0,1.0,0.0,0.0,0.0,0.0
MATRON,6.0,0.0,2.0,0.0,3.0,1.0,0.0,0.0,0.0
MATTER,197.0,78.0,225.0,126.0,80.0,55.0,56.0,81.0,18.0
MAYA,0.0,0.0,0.0,0.0,1.0,0.0,0.0,0.0,0.0
MEADOW,8.0,3.0,165.0,33.0,7.0,14.0,2.0,1.0,0.0
MELUSINA,0.0,0.0,0.0,0.0,0.0,0.0,0.0,0.0,0.0
MENHIR,0.0,0.0,0.0,0.0,0.0,0.0,0.0,0.0,0.0
MEPHISTOPHELES,0.0,0.0,0.0,0.0,0.0,0.0,0.0,0.0,0.0
MERCURY,0.0,1.0,0.0,5.0,3.0,0.0,0.0,0.0,0.0
METALS,1.0,0.0,2.0,3.0,0.0,0.0,1.0,0.0,0.0
METAMORPHOSIS,0.0,0.0,0.0,0.0,0.0,0.0,1.0,0.0,0.0
MIDNIGHT SUN,0.0,0.0,0.0,0.0,0.0,0.0,0.0,0.0,0.0
MINARET,0.0,0.0,1.0,0.0,1.0,0.0,0.0,0.0,0.0
MINOTAUR,3.0,2.0,1.0,0.0,1.0,0.0,2.0,0.0,0.0
MINSTREL,0.0,0.0,3.0,0.0,4.0,0.0,0.0,0.0,0.0
MIRABILIA,0.0,0.0,0.0,0.0,0.0,0.0,0.0,0.0,0.0
MIRROR,45.0,53.0,133.0,83.0,67.0,32.0,38.0,23.0,1.0
MIST,13.0,8.0,49.0,44.0,3.0,11.0,15.0,1.0,0.0
MISTLETOE,0.0,0.0,0.0,0.0,1.0,0.0,0.0,0.0,0.0
MOLTEN METAL,0.0,0.0,0.0,0.0,0.0,0.0,0.0,0.0,0.0
MONKEY,12.0,7.0,7.0,10.0,77.0,15.0,13.0,7.0,2.0
MONOLITH,1.0,0.0,0.0,3.0,1.0,1.0,1.0,0.0,0.0
MONSTERS,4.0,4.0,3.0,6.0,9.0,9.0,66.0,4.0,1.0
MONTSALVAT,0.0,0.0,0.0,0.0,0.0,0.0,0.0,0.0,0.0
MONTSERRAT,0.0,0.0,0.0,0.0,0.0,0.0,0.0,0.0,0.0
MOON,46.0,32.0,227.0,230.0,40.0,49.0,70.0,5.0,1.0
MOTHER,188.0,329.0,1318.0,601.0,133.0,109.0,99.0,40.0,18.0
MOUND OF EARTH,0.0,0.0,0.0,0.0,0.0,0.0,0.0,0.0,0.0
MOUNTAIN,174.0,68.0,776.0,852.0,92.0,174.0,127.0,29.0,4.0
MOUTH,55.0,171.0,107.0,49.0,128.0,26.0,186.0,67.0,20.0
MUD,10.0,19.0,11.0,10.0,9.0,2.0,11.0,45.0,3.0
MULTIPLICITY,1.0,0.0,0.0,1.0,0.0,0.0,0.0,0.0,0.0
MULTIPLICITY OF,0.0,0.0,0.0,0.0,0.0,0.0,0.0,0.0,0.0
MUSIC,53.0,41.0,302.0,80.0,144.0,192.0,8.0,7.0,1.0
MUSICIAN,10.0,17.0,30.0,15.0,24.0,17.0,0.0,1.0,2.0
NAMES,0.0,3.0,0.0,3.0,4.0,2.0,1.0,1.0,0.0
NARCISSUS,0.0,0.0,0.0,0.0,0.0,0.0,0.0,0.0,0.0
NATURE,246.0,161.0,1754.0,871.0,178.0,273.0,151.0,85.0,15.0
NECKLACE,6.0,16.0,65.0,48.0,21.0,13.0,4.0,0.0,0.0
NEGRO,0.0,0.0,0.0,0.0,0.0,0.0,1.0,0.0,0.0
NEPTUNE,0.0,0.0,0.0,0.0,0.0,1.0,0.0,0.0,0.0
NET,2.0,3.0,13.0,7.0,7.0,5.0,3.0,0.0,0.0
NIBELUNGS,0.0,0.0,0.0,0.0,0.0,0.0,0.0,0.0,0.0
NIGHT,125.0,90.0,475.0,318.0,112.0,193.0,236.0,6.0,9.0
NIGHT SEA,0.0,0.0,0.0,0.0,0.0,0.0,0.0,0.0,0.0
NOTHINGNESS,20.0,23.0,5.0,4.0,1.0,1.0,7.0,1.0,3.0
NUDITY,66.0,12.0,21.0,21.0,38.0,51.0,11.0,149.0,8.0
NUMBERS,25.0,4.0,12.0,9.0,9.0,12.0,6.0,10.0,0.0
ZERO,13.0,2.0,4.0,0.0,3.0,0.0,1.0,3.0,1.0
ONE,1562.0,1306.0,2182.0,1326.0,1196.0,807.0,825.0,512.0,192.0
TWO,887.0,662.0,1913.0,952.0,1000.0,608.0,607.0,271.0,123.0
THREE,229.0,137.0,379.0,250.0,213.0,138.0,125.0,59.0,25.0
FOUR,44.0,20.0,62.0,44.0,49.0,22.0,26.0,16.0,3.0
FIVE,23.0,14.0,13.0,11.0,13.0,6.0,4.0,16.0,6.0
SIX,13.0,5.0,9.0,9.0,10.0,3.0,3.0,6.0,0.0
SEVEN,1.0,1.0,6.0,2.0,5.0,3.0,2.0,2.0,0.0
EIGHT,4.0,5.0,5.0,1.0,2.0,4.0,0.0,2.0,0.0
NINE,4.0,0.0,3.0,5.0,2.0,1.0,1.0,0.0,0.0
TEN,7.0,2.0,3.0,20.0,6.0,6.0,2.0,2.0,1.0
ELEVEN,0.0,0.0,0.0,0.0,0.0,0.0,0.0,0.0,1.0
TWELVE,3.0,2.0,0.0,0.0,3.0,0.0,0.0,1.0,0.0
THIRTEEN,0.0,1.0,0.0,0.0,0.0,0.0,0.0,0.0,0.0
FOURTEEN,0.0,0.0,0.0,1.0,0.0,0.0,0.0,0.0,0.0
FIFTEEN,0.0,1.0,0.0,0.0,0.0,0.0,1.0,0.0,0.0
OTHER NUMBERS,0.0,0.0,0.0,0.0,0.0,0.0,0.0,0.0,0.0
NOUGHT,0.0,0.0,0.0,0.0,0.0,0.0,0.0,0.0,0.0
GENERAL CHARACTERISTICS OF NUMBERS,0.0,0.0,0.0,0.0,0.0,0.0,0.0,0.0,0.0
NUMISMATIC SYMBOLS,0.0,0.0,0.0,0.0,0.0,0.0,0.0,0.0,0.0
NYMPHS,2.0,0.0,1.0,2.0,1.0,2.0,1.0,0.0,0.0
OAK,2.0,1.0,9.0,2.0,1.0,2.0,0.0,0.0,0.0
OAR,1.0,0.0,2.0,0.0,0.0,0.0,0.0,0.0,0.0
OBELISK,2.0,0.0,1.0,2.0,1.0,0.0,0.0,0.0,0.0
OBJECT,124.0,45.0,116.0,129.0,113.0,48.0,92.0,51.0,12.0
OBJECTS MARVELLOUS,0.0,0.0,0.0,0.0,0.0,0.0,0.0,0.0,0.0
OCEAN,96.0,75.0,838.0,484.0,58.0,188.0,148.0,23.0,8.0
OCTAGON,1.0,0.0,0.0,0.0,0.0,0.0,0.0,0.0,0.0
OCTOPUS,4.0,0.0,0.0,2.0,6.0,4.0,12.0,5.0,0.0
OGRE,1.0,0.0,1.0,1.0,2.0,1.0,3.0,1.0,0.0
OJANCANU,0.0,0.0,0.0,0.0,0.0,0.0,0.0,0.0,0.0
OLD MAN,0.0,0.0,0.0,0.0,0.0,0.0,0.0,0.0,0.0
OLIVE TREE,0.0,0.0,0.0,0.0,0.0,0.0,0.0,0.0,0.0
OMPHALOS,0.0,0.0,0.0,0.0,0.0,0.0,0.0,0.0,0.0
ORCHESTRA,2.0,0.0,4.0,1.0,5.0,6.0,0.0,0.0,0.0
ORGY,11.0,2.0,4.0,0.0,23.0,21.0,3.0,26.0,1.0
ORIENTATION,1.0,1.0,2.0,6.0,3.0,1.0,1.0,0.0,0.0
ORNAMENTATION,1.0,1.0,1.0,3.0,0.0,0.0,1.0,1.0,0.0
OUROBOROS,0.0,0.0,0.0,0.0,0.0,0.0,0.0,0.0,0.0
OVEN OR FURNACE,0.0,0.0,0.0,0.0,0.0,0.0,0.0,0.0,0.0
OVIPAROUS ANIMALS,0.0,0.0,0.0,0.0,0.0,0.0,0.0,0.0,0.0
OWL,15.0,19.0,21.0,17.0,21.0,8.0,11.0,3.0,0.0
OX,3.0,6.0,5.0,4.0,6.0,1.0,0.0,4.0,0.0
PALACE,12.0,8.0,41.0,59.0,10.0,18.0,5.0,4.0,2.0
PALAFITTE,0.0,0.0,0.0,0.0,0.0,0.0,0.0,0.0,0.0
PALM,26.0,10.0,78.0,37.0,22.0,26.0,5.0,4.0,1.0
PALM TREE,0.0,0.0,0.0,0.0,0.0,0.0,0.0,0.0,0.0
PAN,6.0,6.0,12.0,3.0,16.0,3.0,1.0,2.0,0.0
PANDORA,0.0,1.0,0.0,1.0,0.0,0.0,0.0,0.0,0.0
PANSY,0.0,0.0,1.0,0.0,1.0,0.0,0.0,0.0,0.0
PAPYRI,0.0,0.0,0.0,0.0,0.0,0.0,0.0,0.0,0.0
PARADISE,2.0,5.0,19.0,12.0,5.0,4.0,1.0,0.0,0.0
PARADISE LOST,0.0,0.0,0.0,0.0,0.0,0.0,0.0,0.0,0.0
PARAKEET,0.0,0.0,0.0,0.0,0.0,0.0,0.0,0.0,0.0
PARTRIDGE,0.0,0.0,1.0,1.0,0.0,0.0,0.0,0.0,0.0
PASTE,4.0,1.0,1.0,0.0,1.0,0.0,1.0,3.0,0.0
PEACOCK,8.0,3.0,27.0,40.0,31.0,17.0,2.0,1.0,2.0
PEARL,4.0,2.0,24.0,17.0,6.0,6.0,0.0,0.0,0.0
PEGASUS,1.0,0.0,3.0,8.0,3.0,2.0,2.0,0.0,0.0
PELICAN,0.0,0.0,2.0,0.0,5.0,0.0,0.0,0.0,0.0
PERFECT CONFRONTATION,0.0,0.0,0.0,0.0,0.0,0.0,0.0,0.0,0.0
PERFUME,2.0,0.0,3.0,2.0,2.0,2.0,0.0,1.0,0.0
PERSEPHONE,0.0,0.0,0.0,0.0,0.0,0.0,0.0,0.0,0.0
PERSONIFICATION,3.0,2.0,1.0,4.0,2.0,2.0,1.0,0.0,0.0
PETRIFACTION,0.0,0.0,0.0,0.0,0.0,0.0,0.0,0.0,0.0
PHALLUS,0.0,0.0,0.0,0.0,2.0,0.0,0.0,2.0,0.0
PHEASANT,1.0,4.0,1.0,1.0,1.0,0.0,0.0,0.0,1.0
PHOENIX,2.0,2.0,1.0,2.0,1.0,2.0,1.0,0.0,0.0
PHONETIC SYMBOLISM,0.0,0.0,0.0,0.0,0.0,0.0,0.0,0.0,0.0
PHONETICS,0.0,0.0,0.0,0.0,0.0,0.0,0.0,0.0,0.0
PHRYGIAN CAP,0.0,0.0,0.0,0.0,0.0,0.0,0.0,0.0,0.0
PHYSICAL PROCESSES,0.0,0.0,0.0,0.0,0.0,0.0,0.0,0.0,0.0
PHYSICAL WORLD,0.0,0.0,0.0,0.0,0.0,0.0,0.0,0.0,0.0
PICTORIAL IMAGE,0.0,0.0,0.0,0.0,0.0,0.0,0.0,0.0,0.0
PILGRIM,7.0,2.0,11.0,2.0,6.0,3.0,3.0,1.0,2.0
PILGRIMAGE,0.0,1.0,1.0,4.0,1.0,1.0,0.0,0.0,0.0
PILLAR,6.0,3.0,12.0,27.0,9.0,4.0,4.0,2.0,0.0
PINE TREE,0.0,0.0,0.0,0.0,0.0,0.0,0.0,0.0,0.0
PISCES,0.0,0.0,0.0,0.0,0.0,0.0,0.0,0.0,0.0
PLAIT,0.0,0.0,0.0,0.0,0.0,0.0,0.0,0.0,0.0
PLANETARY GODS,0.0,0.0,0.0,0.0,0.0,0.0,0.0,0.0,0.0
PLANETS,0.0,0.0,1.0,9.0,1.0,0.0,0.0,0.0,0.0
PLANTS,66.0,61.0,365.0,136.0,48.0,72.0,39.0,34.0,2.0
PLEIADES,0.0,0.0,0.0,0.0,0.0,0.0,0.0,0.0,0.0
PLOUGH,0.0,0.0,0.0,0.0,0.0,0.0,0.0,0.0,0.0
POINT,213.0,60.0,172.0,144.0,77.0,49.0,51.0,54.0,25.0
POLE,15.0,6.0,18.0,10.0,21.0,10.0,11.0,9.0,3.0
POMEGRANATE,1.0,0.0,4.0,0.0,1.0,0.0,0.0,1.0,0.0
POPLAR,0.0,0.0,2.0,2.0,0.0,0.0,0.0,1.0,0.0
POPULACE,0.0,0.0,0.0,1.0,0.0,1.0,1.0,0.0,1.0
POTION,1.0,1.0,0.0,0.0,0.0,2.0,3.0,0.0,0.0
POTNE THERON,0.0,0.0,0.0,0.0,0.0,0.0,0.0,0.0,0.0
POWER,70.0,33.0,94.0,375.0,38.0,71.0,99.0,25.0,17.0
PRECINCT,0.0,0.0,0.0,0.0,0.0,0.0,0.0,0.0,0.0
PRESTER JOHN,0.0,0.0,0.0,0.0,0.0,0.0,0.0,0.0,0.0
PRIME MATTER,0.0,0.0,0.0,0.0,0.0,0.0,0.0,0.0,0.0
PRINCE,8.0,4.0,20.0,16.0,15.0,8.0,3.0,0.0,1.0
PROCESSION,1.0,10.0,8.0,19.0,5.0,10.0,6.0,0.0,0.0
PROFESSIONS,1.0,0.0,0.0,0.0,1.0,0.0,0.0,0.0,0.0
PROMETHEUS,0.0,0.0,0.0,0.0,0.0,0.0,0.0,0.0,0.0
PROMISED LAND,0.0,0.0,0.0,0.0,0.0,0.0,0.0,0.0,0.0
PROPORTIONS,45.0,12.0,31.0,43.0,212.0,9.0,35.0,130.0,4.0
PUMPKIN OR GOURD DOUBLE,0.0,0.0,0.0,0.0,0.0,0.0,0.0,0.0,0.0
PUN,1.0,0.0,1.0,2.0,3.0,1.0,0.0,0.0,0.0
PUTREFACTION,0.0,0.0,0.0,0.0,0.0,0.0,0.0,0.0,0.0
PYRAMID,10.0,2.0,9.0,14.0,4.0,4.0,2.0,1.0,0.0
QUADRIGA,0.0,0.0,0.0,0.0,0.0,0.0,0.0,0.0,0.0
QUATERNARY,0.0,0.0,0.0,0.0,0.0,0.0,0.0,0.0,0.0
QUINARY,0.0,0.0,0.0,0.0,0.0,0.0,0.0,0.0,0.0
RADIANCE,1.0,0.0,4.0,8.0,0.0,1.0,0.0,0.0,0.0
RAGS AND TATTERS,0.0,0.0,0.0,0.0,0.0,0.0,0.0,0.0,0.0
RAHAB,0.0,0.0,0.0,0.0,0.0,0.0,0.0,0.0,0.0
RAIN,44.0,127.0,164.0,100.0,25.0,42.0,57.0,13.0,3.0
RATS,2.0,1.0,0.0,3.0,8.0,1.0,8.0,10.0,1.0
RECTANGLE,43.0,5.0,17.0,9.0,14.0,5.0,6.0,8.0,8.0
RED SEA,0.0,0.0,0.0,0.0,0.0,0.0,0.0,0.0,0.0
REEFS,0.0,0.0,0.0,1.0,0.0,0.0,0.0,0.0,0.0
REGARD OR GLANCE,0.0,0.0,0.0,0.0,0.0,0.0,0.0,0.0,0.0
REINS,0.0,0.0,1.0,0.0,0.0,0.0,1.0,0.0,0.0
RELIEF,13.0,7.0,26.0,11.0,4.0,5.0,1.0,1.0,0.0
RETURN,10.0,28.0,24.0,14.0,6.0,17.0,9.0,2.0,0.0
REUNION OR REINTEGRATION,0.0,0.0,0.0,0.0,0.0,0.0,0.0,0.0,0.0
RHOMB,0.0,0.0,0.0,0.0,0.0,0.0,0.0,0.0,0.0
RIBBONS,5.0,2.0,14.0,6.0,14.0,10.0,2.0,1.0,0.0
RIGHT AND LEFT,0.0,0.0,0.0,0.0,0.0,0.0,0.0,0.0,0.0
RING,13.0,10.0,37.0,23.0,19.0,7.0,15.0,3.0,1.0
RITE,0.0,0.0,1.0,1.0,2.0,3.0,0.0,1.0,0.0
RIVER,106.0,81.0,1087.0,349.0,64.0,153.0,76.0,31.0,4.0
ROCK,75.0,52.0,189.0,159.0,84.0,61.0,84.0,26.0,6.0
ROD,3.0,3.0,6.0,2.0,3.0,4.0,6.0,2.0,0.0
ROOM,193.0,256.0,426.0,228.0,131.0,107.0,145.0,62.0,18.0
ROPE,8.0,18.0,13.0,12.0,23.0,7.0,16.0,3.0,1.0
ROSE,17.0,21.0,124.0,57.0,15.0,20.0,6.0,4.0,2.0
ROTATION,0.0,0.0,2.0,1.0,0.0,0.0,0.0,0.0,0.0
ROUND DANCE,0.0,0.0,0.0,0.0,0.0,0.0,0.0,0.0,0.0
ROUND TABLE,0.0,0.0,0.0,0.0,0.0,0.0,0.0,0.0,0.0
RUDDER,0.0,0.0,0.0,0.0,0.0,0.0,0.0,0.0,0.0
RUINS,21.0,42.0,35.0,56.0,10.0,8.0,6.0,28.0,9.0
SACRIFICE,9.0,25.0,2.0,24.0,1.0,1.0,39.0,11.0,2.0
SAGITTARIUS,0.0,0.0,0.0,0.0,0.0,0.0,0.0,0.0,0.0
SAILS,17.0,8.0,76.0,65.0,13.0,44.0,27.0,2.0,0.0
SALAMANDER,0.0,0.0,1.0,0.0,1.0,0.0,0.0,1.0,0.0
SALVATION,0.0,2.0,1.0,8.0,0.0,0.0,0.0,0.0,0.0
SANDALS WINGED,0.0,0.0,0.0,0.0,0.0,0.0,0.0,0.0,0.0
SARCOPHAGUS,1.0,0.0,0.0,0.0,0.0,0.0,1.0,0.0,0.0
SATURN,0.0,0.0,0.0,1.0,0.0,0.0,0.0,0.0,0.0
SATURNALIA,0.0,0.0,0.0,0.0,0.0,0.0,0.0,0.0,0.0
SCALES,4.0,1.0,8.0,9.0,4.0,1.0,8.0,5.0,2.0
SCARS,4.0,7.0,2.0,1.0,0.0,1.0,5.0,6.0,1.0
SCEPTRE,0.0,0.0,0.0,0.0,0.0,0.0,0.0,0.0,0.0
SCISSORS,5.0,0.0,2.0,2.0,6.0,1.0,3.0,0.0,1.0
SCORPIO,0.0,0.0,0.0,0.0,0.0,1.0,0.0,0.0,0.0
SCYTHE,1.0,2.0,7.0,2.0,2.0,0.0,19.0,0.0,0.0
SEA,153.0,117.0,670.0,362.0,76.0,233.0,257.0,37.0,8.0
SEAL,7.0,0.0,4.0,1.0,7.0,2.0,2.0,1.0,0.0
SEAL OF SOLOMON,0.0,0.0,0.0,0.0,0.0,0.0,0.0,0.0,0.0
SEASONS,5.0,1.0,16.0,20.0,1.0,5.0,0.0,0.0,0.0
SECRET,52.0,15.0,72.0,48.0,98.0,58.0,44.0,7.0,1.0
SEED,4.0,1.0,6.0,1.0,3.0,0.0,0.0,3.0,0.0
SEFIROTH,0.0,0.0,0.0,0.0,0.0,0.0,0.0,0.0,0.0
SEPTENARY,0.0,0.0,0.0,0.0,0.0,0.0,0.0,0.0,0.0
SERIALITY,0.0,0.0,0.0,0.0,0.0,0.0,0.0,0.0,0.0
SERPENT,8.0,6.0,2.0,11.0,4.0,11.0,42.0,8.0,1.0
SEXES,0.0,0.0,3.0,0.0,1.0,1.0,0.0,0.0,0.0
SHADOW,82.0,115.0,224.0,251.0,44.0,46.0,225.0,26.0,5.0
SHAPE,247.0,99.0,349.0,279.0,366.0,159.0,182.0,186.0,35.0
SHEAF,0.0,0.0,0.0,0.0,0.0,0.0,0.0,0.0,0.0
SHEKHINAH,0.0,0.0,0.0,0.0,0.0,0.0,0.0,0.0,0.0
SHELL,10.0,13.0,14.0,15.0,12.0,4.0,7.0,1.0,1.0
SHEPHERD,7.0,6.0,35.0,8.0,3.0,1.0,2.0,0.0,0.0
SHIELD,15.0,2.0,15.0,18.0,4.0,5.0,15.0,1.0,1.0
SHIP,99.0,140.0,262.0,270.0,40.0,172.0,328.0,9.0,6.0
SHIP OF FOOLS,0.0,0.0,0.0,0.0,0.0,0.0,0.0,0.0,0.0
SHOES,55.0,50.0,81.0,35.0,86.0,23.0,15.0,13.0,5.0
SIEVE,0.0,0.0,0.0,0.0,0.0,0.0,0.0,0.0,0.0
SIGMA,1.0,0.0,0.0,0.0,0.0,0.0,0.0,0.0,0.0
SIGN,59.0,60.0,80.0,45.0,35.0,31.0,53.0,14.0,8.0
SIGNAGE,0.0,0.0,1.0,1.0,0.0,0.0,0.0,0.0,1.0
SIGNS CONVENTIONAL,0.0,0.0,0.0,0.0,0.0,0.0,0.0,0.0,0.0
SIGNS OR SAMPLES,0.0,0.0,0.0,0.0,0.0,0.0,0.0,0.0,0.0
SIGNUM,0.0,0.0,0.0,0.0,0.0,0.0,0.0,0.0,0.0
SIREN,0.0,0.0,0.0,3.0,1.0,3.0,0.0,0.0,0.0
SKELETON,14.0,32.0,1.0,13.0,36.0,9.0,166.0,28.0,2.0
SKIFF,0.0,0.0,4.0,0.0,0.0,0.0,0.0,0.0,0.0
SKIN,106.0,158.0,498.0,467.0,101.0,169.0,185.0,235.0,7.0
SKULL,34.0,56.0,16.0,42.0,18.0,17.0,210.0,47.0,3.0
SLEEPING BEAUTY,0.0,0.0,0.0,0.0,0.0,0.0,0.0,0.0,0.0
SLUG,0.0,0.0,0.0,0.0,1.0,0.0,0.0,3.0,0.0
SMOKE,69.0,129.0,152.0,127.0,44.0,66.0,200.0,85.0,16.0
SNAIL,0.0,0.0,1.0,0.0,2.0,0.0,1.0,0.0,0.0
SNOW,181.0,247.0,933.0,458.0,117.0,199.0,96.0,39.0,4.0
SOPHIA,0.0,0.0,0.0,0.0,0.0,0.0,0.0,0.0,0.0
SORCERER,0.0,0.0,0.0,0.0,0.0,0.0,3.0,0.0,0.0
SOUND,13.0,4.0,106.0,22.0,7.0,17.0,7.0,5.0,1.0
SPACE,142.0,85.0,252.0,194.0,52.0,61.0,62.0,24.0,12.0
SPARK,20.0,4.0,15.0,7.0,3.0,10.0,2.0,2.0,0.0
SPARROWHAWK,0.0,0.0,0.0,0.0,0.0,0.0,0.0,0.0,0.0
SPHERE,5.0,2.0,9.0,12.0,4.0,8.0,2.0,0.0,0.0
SPHINX,2.0,0.0,0.0,4.0,0.0,2.0,1.0,0.0,0.0
SPIDER,7.0,6.0,4.0,6.0,10.0,4.0,55.0,12.0,0.0
SPINDLE OR BOBBIN,0.0,0.0,0.0,0.0,0.0,0.0,0.0,0.0,0.0
SPINNING,9.0,6.0,23.0,2.0,5.0,10.0,3.0,1.0,1.0
SPIRAL,3.0,2.0,8.0,7.0,4.0,5.0,6.0,0.0,1.0
SPIRAL DOUBLE,0.0,0.0,0.0,0.0,0.0,0.0,0.0,0.0,0.0
SPUR,0.0,0.0,1.0,1.0,1.0,1.0,0.0,1.0,0.0
SQUARE,101.0,28.0,142.0,57.0,56.0,69.0,26.0,47.0,22.0
SQUARING THE CIRCLE,0.0,0.0,0.0,0.0,0.0,0.0,0.0,0.0,0.0
STAFF,11.0,7.0,7.0,27.0,7.0,8.0,8.0,4.0,0.0
STAG,0.0,0.0,1.0,3.0,1.0,1.0,2.0,0.0,1.0
STAINS,5.0,3.0,2.0,6.0,1.0,0.0,7.0,27.0,0.0
STAR,16.0,5.0,36.0,42.0,36.0,16.0,6.0,4.0,0.0
STARS,17.0,6.0,64.0,98.0,15.0,29.0,2.0,4.0,2.0
STATE OF MIND,0.0,0.0,0.0,0.0,0.0,0.0,0.0,0.0,0.0
STATE OF PRESERVATION,0.0,0.0,0.0,0.0,0.0,0.0,0.0,0.0,0.0
STEED,1.0,0.0,4.0,6.0,2.0,1.0,1.0,0.0,0.0
STEEL,10.0,4.0,6.0,4.0,1.0,2.0,1.0,4.0,0.0
STELES,0.0,0.0,0.0,0.0,0.0,0.0,0.0,0.0,0.0
STEPS,11.0,15.0,50.0,50.0,13.0,15.0,10.0,3.0,2.0
STICK,55.0,40.0,75.0,45.0,95.0,31.0,43.0,25.0,7.0
STONE,62.0,46.0,164.0,150.0,25.0,33.0,41.0,17.0,2.0
STORK,2.0,0.0,2.0,0.0,3.0,0.0,1.0,0.0,0.0
STORM,98.0,178.0,168.0,203.0,18.0,118.0,914.0,13.0,10.0
STRANGER,3.0,4.0,5.0,0.0,3.0,0.0,17.0,0.0,1.0
STRENGTH,42.0,20.0,66.0,136.0,12.0,33.0,8.0,4.0,0.0
STRING,9.0,2.0,17.0,16.0,19.0,6.0,2.0,4.0,0.0
STRUGGLES BETWEEN ANIMALS,0.0,0.0,0.0,0.0,0.0,0.0,0.0,0.0,0.0
STYX,0.0,0.0,0.0,2.0,0.0,0.0,2.0,0.0,0.0
SUBTERRANEAN CHAMBERS,0.0,0.0,0.0,0.0,0.0,0.0,0.0,0.0,0.0
SUICIDE,2.0,15.0,2.0,1.0,0.0,0.0,13.0,0.0,1.0
SUIT OF ARMOUR,0.0,0.0,0.0,0.0,0.0,0.0,0.0,0.0,0.0
SULPHUR,0.0,0.0,0.0,0.0,0.0,0.0,0.0,2.0,0.0
SUN,178.0,182.0,1633.0,987.0,108.0,252.0,101.0,27.0,10.0
SUPERIORITY,5.0,1.0,1.0,1.0,4.0,0.0,0.0,10.0,1.0
SUPPORTERS,1.0,0.0,0.0,0.0,0.0,2.0,0.0,0.0,0.0
SWALLOW,2.0,7.0,2.0,5.0,1.0,1.0,34.0,2.0,1.0
SWAN,9.0,2.0,14.0,16.0,14.0,5.0,5.0,3.0,1.0
SWASTIKA,0.0,0.0,0.0,0.0,0.0,0.0,1.0,3.0,4.0
SWORD,44.0,39.0,25.0,71.0,46.0,55.0,174.0,20.0,25.0
SWORD BROKEN,0.0,0.0,0.0,0.0,0.0,0.0,0.0,0.0,0.0
SWORD UNSHEATHED,0.0,0.0,0.0,0.0,0.0,0.0,0.0,0.0,0.0
SYBIL,0.0,0.0,1.0,0.0,0.0,0.0,0.0,0.0,0.0
SYMMETRY,26.0,2.0,150.0,41.0,8.0,15.0,0.0,8.0,2.0
TALISMANS,0.0,0.0,0.0,0.0,0.0,0.0,0.0,0.0,0.0
TAROT PACK,0.0,0.0,0.0,0.0,0.0,0.0,0.0,0.0,0.0
TATTOOING,0.0,0.0,0.0,0.0,0.0,1.0,0.0,0.0,0.0
TAURUS,0.0,0.0,1.0,0.0,0.0,0.0,0.0,0.0,0.0
TEETH,9.0,6.0,11.0,7.0,28.0,2.0,73.0,17.0,5.0
TEMPERANCE,0.0,0.0,0.0,0.0,0.0,0.0,0.0,0.0,0.0
TEMPLE,11.0,6.0,25.0,43.0,1.0,10.0,7.0,4.0,1.0
TENT,11.0,6.0,43.0,15.0,12.0,11.0,7.0,3.0,0.0
TERNARY,0.0,0.0,0.0,0.0,0.0,0.0,0.0,0.0,0.0
TERRESTRIAL SPHERE,0.0,0.0,0.0,0.0,0.0,0.0,0.0,0.0,0.0
TETRACHORD,0.0,0.0,0.0,0.0,0.0,0.0,0.0,0.0,0.0
TETRAMORPHS,0.0,0.0,0.0,0.0,0.0,0.0,0.0,0.0,0.0
TEXTURE,139.0,38.0,440.0,344.0,67.0,93.0,36.0,78.0,6.0
THEATRE,0.0,1.0,2.0,3.0,1.0,3.0,0.0,1.0,0.0
THEOGONY,0.0,0.0,0.0,0.0,0.0,0.0,0.0,0.0,0.0
THIGHS,3.0,1.0,1.0,2.0,4.0,0.0,0.0,9.0,0.0
THIRD EYE,0.0,0.0,0.0,0.0,0.0,0.0,0.0,0.0,0.0
THIRST,0.0,3.0,0.0,3.0,2.0,1.0,0.0,0.0,0.0
THORN,2.0,10.0,1.0,1.0,1.0,2.0,0.0,2.0,0.0
THREAD,3.0,4.0,8.0,3.0,1.0,1.0,1.0,0.0,0.0
THRESHOLD,1.0,0.0,0.0,1.0,0.0,0.0,0.0,0.0,0.0
THRONE,11.0,7.0,18.0,54.0,9.0,4.0,13.0,4.0,4.0
THULE,0.0,0.0,0.0,0.0,0.0,0.0,0.0,0.0,0.0
THUNDERBOLT,0.0,0.0,1.0,0.0,0.0,0.0,0.0,0.0,0.0
THYRSUS,0.0,0.0,0.0,0.0,0.0,0.0,0.0,0.0,0.0
TIGER,8.0,8.0,14.0,12.0,25.0,20.0,43.0,17.0,2.0
TIME,564.0,488.0,1709.0,865.0,605.0,552.0,187.0,120.0,60.0
TIP OR POINTED END,0.0,0.0,0.0,0.0,0.0,0.0,0.0,0.0,0.0
TITANS,3.0,0.0,2.0,0.0,2.0,1.0,1.0,0.0,0.0
TOAD,1.0,0.0,1.0,0.0,5.0,0.0,2.0,2.0,0.0
TOMB,2.0,10.0,5.0,12.0,4.0,5.0,5.0,0.0,1.0
TORCH,1.0,0.0,6.0,5.0,3.0,2.0,5.0,2.0,0.0
TOWER,26.0,16.0,78.0,102.0,18.0,21.0,31.0,5.0,3.0
TOWER STRUCK BY LIGHTNING,0.0,0.0,0.0,0.0,0.0,0.0,0.0,0.0,0.0
TOYS,4.0,3.0,20.0,3.0,31.0,6.0,3.0,2.0,0.0
TRAPEZIUM,0.0,0.0,0.0,0.0,0.0,0.0,0.0,0.0,0.0
TREASURE,5.0,1.0,12.0,8.0,7.0,15.0,3.0,0.0,3.0
TREE,331.0,366.0,1379.0,805.0,287.0,235.0,403.0,73.0,20.0
TREES AND FLOWERS,0.0,0.0,0.0,0.0,0.0,0.0,0.0,0.0,0.0
TRIANGLE,28.0,6.0,20.0,14.0,11.0,8.0,14.0,8.0,4.0
TRIDENT,0.0,0.0,0.0,1.0,0.0,2.0,1.0,0.0,0.0
TRIFORM,0.0,0.0,0.0,0.0,0.0,0.0,0.0,0.0,0.0
TRIGRAMS,0.0,0.0,0.0,0.0,0.0,0.0,0.0,0.0,0.0
TRIPLE ENCLOSURE,0.0,0.0,0.0,0.0,0.0,0.0,0.0,0.0,0.0
TRIPOD,0.0,0.0,0.0,0.0,0.0,0.0,0.0,0.0,0.0
TRIUMPH,5.0,0.0,1.0,8.0,0.0,6.0,1.0,0.0,0.0
TRUMPET,1.0,0.0,3.0,3.0,2.0,2.0,2.0,0.0,0.0
TUNIC,8.0,2.0,2.0,4.0,3.0,2.0,2.0,2.0,0.0
TURTLE,16.0,1.0,12.0,9.0,15.0,3.0,1.0,1.0,1.0
TURTLE DOVE,0.0,0.0,0.0,0.0,0.0,0.0,0.0,0.0,0.0
TWILIGHT,5.0,10.0,42.0,8.0,3.0,2.0,9.0,1.0,0.0
TWINS,13.0,2.0,9.0,0.0,9.0,4.0,1.0,1.0,0.0
TWISTED SHAPES,0.0,0.0,0.0,0.0,0.0,0.0,0.0,0.0,0.0
UMBRELLA,17.0,16.0,106.0,50.0,46.0,17.0,8.0,4.0,3.0
UNDINES,0.0,0.0,0.0,0.0,0.0,0.0,0.0,0.0,0.0
UNICORN,2.0,1.0,4.0,10.0,15.0,7.0,6.0,4.0,0.0
URINE,2.0,1.0,1.0,0.0,1.0,0.0,0.0,15.0,0.0
URN,2.0,4.0,9.0,1.0,0.0,1.0,1.0,0.0,0.0
UTENSILS,1.0,0.0,4.0,3.0,1.0,1.0,0.0,4.0,0.0
VALLEY,37.0,13.0,124.0,98.0,5.0,25.0,24.0,9.0,0.0
VASE,114.0,75.0,746.0,232.0,90.0,98.0,24.0,29.0,7.0
VAULT,0.0,0.0,0.0,0.0,0.0,0.0,0.0,0.0,0.0
VEGETATION,9.0,28.0,127.0,56.0,4.0,14.0,13.0,10.0,1.0
VEHICLES,4.0,4.0,9.0,4.0,2.0,4.0,0.0,0.0,0.0
VEIL,8.0,17.0,25.0,45.0,13.0,10.0,5.0,3.0,0.0
VENUS,2.0,0.0,2.0,2.0,4.0,3.0,0.0,1.0,0.0
VERBS,0.0,0.0,0.0,0.0,0.0,0.0,0.0,0.0,0.0
VERTICALITY,0.0,0.0,2.0,1.0,0.0,0.0,0.0,0.0,0.0
VESSEL,8.0,1.0,12.0,8.0,2.0,12.0,9.0,0.0,0.0
VICTORY,6.0,2.0,2.0,25.0,1.0,12.0,0.0,3.0,1.0
VINE,0.0,1.0,14.0,7.0,4.0,4.0,2.0,2.0,0.0
VIRGO,0.0,0.0,0.0,0.0,0.0,0.0,0.0,0.0,0.0
VISIONARY GEOGRAPHY,0.0,0.0,0.0,0.0,0.0,0.0,0.0,0.0,0.0
VOLCANO,9.0,7.0,12.0,41.0,5.0,18.0,85.0,3.0,1.0
VOYAGE,3.0,4.0,8.0,6.0,1.0,17.0,4.0,1.0,0.0
VULCAN,0.0,0.0,0.0,0.0,0.0,0.0,0.0,0.0,0.0
VULTURE,1.0,2.0,1.0,0.0,1.0,1.0,6.0,2.0,1.0
WALL,200.0,108.0,382.0,227.0,116.0,65.0,106.0,94.0,20.0
WALLOWING,1.0,1.0,0.0,1.0,0.0,0.0,1.0,0.0,0.0
WAND MAGIC,0.0,0.0,0.0,0.0,0.0,0.0,0.0,0.0,0.0
WANDERING JEW,0.0,0.0,0.0,0.0,0.0,0.0,0.0,0.0,0.0
WAR,102.0,282.0,64.0,100.0,29.0,73.0,334.0,50.0,72.0
WARRIORS,9.0,11.0,10.0,26.0,6.0,22.0,31.0,3.0,7.0
WATER,608.0,478.0,5132.0,2149.0,365.0,765.0,620.0,228.0,24.0
WAVES,89.0,65.0,555.0,408.0,49.0,189.0,442.0,10.0,4.0
WEAPONS,6.0,8.0,4.0,10.0,9.0,11.0,83.0,12.0,9.0
WEAVING,1.0,0.0,11.0,6.0,4.0,4.0,0.0,0.0,1.0
WEEK,7.0,7.0,6.0,3.0,3.0,2.0,3.0,0.0,0.0
WELL,787.0,426.0,3627.0,2234.0,516.0,691.0,283.0,254.0,44.0
WEST,14.0,2.0,22.0,21.0,10.0,13.0,4.0,0.0,0.0
WETNESS,0.0,3.0,1.0,5.0,0.0,1.0,0.0,0.0,0.0
WHALE,6.0,5.0,3.0,12.0,6.0,4.0,4.0,1.0,1.0
WHEEL,14.0,9.0,30.0,12.0,15.0,10.0,10.0,2.0,1.0
WHEEL OF FORTUNE,0.0,0.0,0.0,0.0,0.0,0.0,0.0,0.0,0.0
WHIP,7.0,13.0,3.0,3.0,1.0,5.0,16.0,8.0,6.0
WHIRLWIND,2.0,0.0,3.0,0.0,1.0,3.0,1.0,0.0,0.0
WHISTLING,0.0,0.0,1.0,1.0,1.0,1.0,0.0,0.0,0.0
WHITE,1418.0,1068.0,4304.0,2967.0,1009.0,1055.0,1030.0,485.0,167.0
WILD MAN,0.0,0.0,0.0,0.0,0.0,0.0,0.0,0.0,0.0
WIND,58.0,52.0,258.0,160.0,37.0,101.0,81.0,6.0,3.0
WINDOW,133.0,111.0,425.0,190.0,92.0,76.0,92.0,19.0,10.0
WINE,23.0,10.0,145.0,36.0,47.0,58.0,4.0,8.0,4.0
WINGS,38.0,31.0,70.0,176.0,79.0,33.0,71.0,11.0,4.0
WITHDRAWAL,0.0,0.0,0.0,0.0,0.0,0.0,0.0,0.0,0.0
WOLF,11.0,5.0,11.0,7.0,11.0,6.0,32.0,0.0,0.0
WOMAN,2337.0,5162.0,8127.0,3831.0,3026.0,2292.0,2275.0,1509.0,373.0
WOMAN DEAD,0.0,0.0,0.0,0.0,0.0,0.0,0.0,0.0,0.0
WOOD,90.0,33.0,164.0,74.0,52.0,35.0,32.0,24.0,5.0
WORLD,176.0,246.0,443.0,397.0,108.0,157.0,125.0,38.0,29.0
WORLD SOUL,0.0,0.0,0.0,0.0,0.0,0.0,0.0,0.0,0.0
WORM,3.0,0.0,4.0,1.0,7.0,2.0,3.0,13.0,0.0
WOVEN FABRIC,0.0,0.0,0.0,0.0,0.0,0.0,0.0,0.0,0.0
YEAR,55.0,22.0,53.0,18.0,57.0,27.0,0.0,43.0,14.0
YOKE,1.0,1.0,0.0,0.0,0.0,0.0,0.0,0.0,0.0
YONI,0.0,0.0,0.0,0.0,0.0,0.0,0.0,0.0,0.0
YOUTH AND OLD MAN,0.0,0.0,0.0,0.0,0.0,0.0,0.0,0.0,0.0
ZENITH,0.0,0.0,0.0,0.0,0.0,0.0,0.0,0.0,0.0
ZIGGURAT,0.0,0.0,0.0,0.0,0.0,0.0,0.0,0.0,0.0
ZODIAC,0.0,0.0,2.0,3.0,3.0,1.0,1.0,0.0,0.0
ZONE,9.0,3.0,8.0,1.0,2.0,0.0,5.0,0.0,0.0
